name,email,email_verified_at,password,remember_token
name 1,email 1,email_verified_at 1,password 1,remember_token 1
name 2,email 2,email_verified_at 2,password 2,remember_token 2
name 3,email 3,email_verified_at 3,password 3,remember_token 3
name 4,email 4,email_verified_at 4,password 4,remember_token 4
name 5,email 5,email_verified_at 5,password 5,remember_token 5
name 6,email 6,email_verified_at 6,password 6,remember_token 6
name 7,email 7,email_verified_at 7,password 7,remember_token 7
name 8,email 8,email_verified_at 8,password 8,remember_token 8
name 9,email 9,email_verified_at 9,password 9,remember_token 9
name 10,email 10,email_verified_at 10,password 10,remember_token 10
name 11,email 11,email_verified_at 11,password 11,remember_token 11
name 12,email 12,email_verified_at 12,password 12,remember_token 12
name 13,email 13,email_verified_at 13,password 13,remember_token 13
name 14,email 14,email_verified_at 14,password 14,remember_token 14
name 15,email 15,email_verified_at 15,password 15,remember_token 15
name 16,email 16,email_verified_at 16,password 16,remember_token 16
name 17,email 17,email_verified_at 17,password 17,remember_token 17
name 18,email 18,email_verified_at 18,password 18,remember_token 18
name 19,email 19,email_verified_at 19,password 19,remember_token 19
name 20,email 20,email_verified_at 20,password 20,remember_token 20
