title,slug,content,category_id,user_id
Exemple pour title 1,Exemple pour slug 1,Exemple pour content 1,Exemple pour category_id 1,Exemple pour user_id 1
Exemple pour title 2,Exemple pour slug 2,Exemple pour content 2,Exemple pour category_id 2,Exemple pour user_id 2
Exemple pour title 3,Exemple pour slug 3,Exemple pour content 3,Exemple pour category_id 3,Exemple pour user_id 3
Exemple pour title 4,Exemple pour slug 4,Exemple pour content 4,Exemple pour category_id 4,Exemple pour user_id 4
Exemple pour title 5,Exemple pour slug 5,Exemple pour content 5,Exemple pour category_id 5,Exemple pour user_id 5
Exemple pour title 6,Exemple pour slug 6,Exemple pour content 6,Exemple pour category_id 6,Exemple pour user_id 6
Exemple pour title 7,Exemple pour slug 7,Exemple pour content 7,Exemple pour category_id 7,Exemple pour user_id 7
Exemple pour title 8,Exemple pour slug 8,Exemple pour content 8,Exemple pour category_id 8,Exemple pour user_id 8
Exemple pour title 9,Exemple pour slug 9,Exemple pour content 9,Exemple pour category_id 9,Exemple pour user_id 9
Exemple pour title 10,Exemple pour slug 10,Exemple pour content 10,Exemple pour category_id 10,Exemple pour user_id 10
Exemple pour title 11,Exemple pour slug 11,Exemple pour content 11,Exemple pour category_id 11,Exemple pour user_id 11
Exemple pour title 12,Exemple pour slug 12,Exemple pour content 12,Exemple pour category_id 12,Exemple pour user_id 12
Exemple pour title 13,Exemple pour slug 13,Exemple pour content 13,Exemple pour category_id 13,Exemple pour user_id 13
Exemple pour title 14,Exemple pour slug 14,Exemple pour content 14,Exemple pour category_id 14,Exemple pour user_id 14
Exemple pour title 15,Exemple pour slug 15,Exemple pour content 15,Exemple pour category_id 15,Exemple pour user_id 15
Exemple pour title 16,Exemple pour slug 16,Exemple pour content 16,Exemple pour category_id 16,Exemple pour user_id 16
Exemple pour title 17,Exemple pour slug 17,Exemple pour content 17,Exemple pour category_id 17,Exemple pour user_id 17
Exemple pour title 18,Exemple pour slug 18,Exemple pour content 18,Exemple pour category_id 18,Exemple pour user_id 18
Exemple pour title 19,Exemple pour slug 19,Exemple pour content 19,Exemple pour category_id 19,Exemple pour user_id 19
Exemple pour title 20,Exemple pour slug 20,Exemple pour content 20,Exemple pour category_id 20,Exemple pour user_id 20
