name,slug
Exemple pour name 1,Exemple pour slug 1
Exemple pour name 2,Exemple pour slug 2
Exemple pour name 3,Exemple pour slug 3
Exemple pour name 4,Exemple pour slug 4
Exemple pour name 5,Exemple pour slug 5
Exemple pour name 6,Exemple pour slug 6
Exemple pour name 7,Exemple pour slug 7
Exemple pour name 8,Exemple pour slug 8
Exemple pour name 9,Exemple pour slug 9
Exemple pour name 10,Exemple pour slug 10
Exemple pour name 11,Exemple pour slug 11
Exemple pour name 12,Exemple pour slug 12
Exemple pour name 13,Exemple pour slug 13
Exemple pour name 14,Exemple pour slug 14
Exemple pour name 15,Exemple pour slug 15
Exemple pour name 16,Exemple pour slug 16
Exemple pour name 17,Exemple pour slug 17
Exemple pour name 18,Exemple pour slug 18
Exemple pour name 19,Exemple pour slug 19
Exemple pour name 20,Exemple pour slug 20
